2025-05-27 18:35:42,1,BTC
2025-05-27 18:35:42,2,ETH
2025-05-27 18:35:42,3,TRB
2025-05-27 18:35:42,4,SUI
2025-05-27 18:35:42,5,SOL
2025-05-27 18:35:42,6,PFVS
2025-05-27 18:35:42,7,XRP
2025-05-27 18:35:42,8,GORILLABSC
2025-05-27 18:35:42,9,HUMA
2025-05-27 18:35:42,10,ELDE
2025-05-27 18:35:42,11,PEPE
2025-05-27 18:35:42,12,B
2025-05-27 18:35:42,13,MOODENG
2025-05-27 18:35:42,14,WCT
2025-05-27 18:35:42,15,WIF
2025-05-27 18:35:42,16,VIRTUAL
2025-05-27 18:35:42,17,GOONC
2025-05-27 18:35:42,18,FARTCOIN
2025-05-27 18:35:42,19,ADA
2025-05-27 18:35:42,20,DOGE
2025-05-27 18:35:42,21,WLD
2025-05-27 18:35:42,22,SNS
2025-05-27 18:35:42,23,CAKE
2025-05-27 18:35:42,24,MOONPIG
2025-05-27 18:35:42,25,QNT
2025-05-27 18:35:42,26,ETHFI
2025-05-27 18:35:42,27,LABUBU
2025-05-27 18:35:42,28,DOLO
2025-05-27 18:35:42,29,PI
2025-05-27 18:35:42,30,LINK
2025-05-27 18:35:42,31,LAUNCHCOIN
2025-05-27 18:35:42,32,ENA
2025-05-27 18:35:42,33,HYPE
2025-05-27 18:35:42,34,TRUMPOFFICIAL
2025-05-27 18:35:42,35,A
2025-05-27 18:35:42,36,AAVE
2025-05-27 18:35:42,37,JAGER
2025-05-27 18:35:42,38,AVAX
2025-05-27 18:35:42,39,INJ
2025-05-27 18:35:42,40,AIXBT
2025-05-27 18:35:42,41,RDAC
2025-05-27 18:35:42,42,JUP
2025-05-27 18:35:42,43,DIS
2025-05-27 18:35:42,44,LTC
2025-05-27 18:35:42,45,TIA
2025-05-27 18:35:42,46,POPCAT
2025-05-27 18:35:42,47,COOKIE
2025-05-27 18:35:42,48,ONDO
2025-05-27 18:35:42,49,DOT
2025-05-27 18:35:42,50,GNC
2025-05-27 18:35:42,51,TAO
2025-05-27 18:35:42,52,RWA
2025-05-27 18:35:42,53,NEIROETH
2025-05-27 18:35:42,54,MYX
2025-05-27 18:35:42,55,KAITO
2025-05-27 18:35:42,56,ARB
2025-05-27 18:35:42,57,NEAR
2025-05-27 18:35:42,58,ZBCN
2025-05-27 18:35:42,59,XMR
2025-05-27 18:35:42,60,FET
2025-05-27 18:35:42,61,PNUT
2025-05-27 18:35:42,62,FLM
2025-05-27 18:35:42,63,BNB
2025-05-27 18:35:42,64,APT
2025-05-27 18:35:42,65,UNI
2025-05-27 18:35:42,66,DONKEY
2025-05-27 18:35:42,67,OP
2025-05-27 18:35:42,68,HOSICO
2025-05-27 18:35:42,69,TRX
2025-05-27 18:35:42,70,TONCOIN
2025-05-27 18:35:42,71,RATO
2025-05-27 18:35:42,72,MAJOR
2025-05-27 18:35:42,73,LDO
2025-05-27 18:35:42,74,ALPACA
2025-05-27 18:35:42,75,AGT
2025-05-27 18:35:42,76,HYPER
2025-05-27 18:35:42,77,LOOM
2025-05-27 18:35:42,78,CETUS
2025-05-27 18:35:42,79,DINO
2025-05-27 18:35:42,80,FXS
2025-05-27 18:35:42,81,TITCOIN
2025-05-27 18:35:42,82,HBAR
2025-05-27 18:35:42,83,SOONNETWORK
2025-05-27 18:35:42,84,SEND
2025-05-27 18:35:42,85,INIT
2025-05-27 18:35:42,86,BRETT
2025-05-27 18:35:42,87,HAEDAL
2025-05-27 18:35:42,88,BANANAS31
2025-05-27 18:35:42,89,TAI
2025-05-27 18:35:42,90,NXPC
2025-05-27 18:35:42,91,GOAT
2025-05-27 18:35:42,92,VELAAI
2025-05-27 18:35:42,93,GORK
2025-05-27 18:35:42,94,TIBBIR
2025-05-27 18:35:42,95,ORDI
2025-05-27 18:35:42,96,MASK
2025-05-27 18:35:42,97,GRASS
2025-05-27 18:35:42,98,AI16Z
2025-05-27 18:35:42,99,CRV
2025-05-27 18:35:42,100,MOVE
2025-05-27 18:35:42,101,STARTUP
2025-05-27 18:35:42,102,SEI
2025-05-27 18:35:42,103,DUPE
2025-05-27 18:35:42,104,SAROS
2025-05-27 18:35:42,105,HIPPO
2025-05-27 18:35:42,106,APE
2025-05-27 18:35:42,107,SHIB
2025-05-27 18:35:42,108,OM
2025-05-27 18:35:42,109,MYRIA
2025-05-27 18:35:42,110,EIGEN
2025-05-27 18:35:42,111,S
2025-05-27 18:35:42,112,LUNAI
2025-05-27 18:35:42,113,AVAAI
2025-05-27 18:35:42,114,1000BONK
2025-05-27 18:35:42,115,ATOM
2025-05-27 18:35:42,116,FILECOIN
2025-05-27 18:35:42,117,NOBODY
2025-05-27 18:35:42,118,KAS
2025-05-27 18:35:42,119,CAPTAINBNB
2025-05-27 18:35:42,120,DYDX
2025-05-27 18:35:42,121,RENDER
2025-05-27 18:35:42,122,XVS
2025-05-27 18:35:42,123,GALA
2025-05-27 18:35:42,124,SYRUP
2025-05-27 18:35:42,125,COLLAT
2025-05-27 18:35:42,126,PENGU
2025-05-27 18:35:42,127,NEIROCTO
2025-05-27 18:35:42,128,PUNDIX
2025-05-27 18:35:42,129,PSTAKE
2025-05-27 18:35:42,130,FLOKI
2025-05-27 18:35:42,131,BOOP
2025-05-27 18:35:42,132,TURBO
2025-05-27 18:35:42,133,BLUE
2025-05-27 18:35:42,134,CHESS
2025-05-27 18:35:42,135,PENDLE
2025-05-27 18:35:42,136,DRB
2025-05-27 18:35:42,137,RUNE
2025-05-27 18:35:42,138,SYN
2025-05-27 18:35:42,139,RED
2025-05-27 18:35:42,140,DOGS
2025-05-27 18:35:42,141,XAI
2025-05-27 18:35:42,142,XAUT
2025-05-27 18:35:42,143,OIK
2025-05-27 18:35:42,144,PIPPIN
2025-05-27 18:35:42,145,CHILLGUY
2025-05-27 18:35:42,146,TGT
2025-05-27 18:35:42,147,PWEASE
2025-05-27 18:35:42,148,BERA
2025-05-27 18:35:42,149,MELANIA
2025-05-27 18:35:42,150,ARKM
2025-05-27 18:35:42,151,XLM
2025-05-27 18:35:42,152,IO
2025-05-27 18:35:42,153,SPX
2025-05-27 18:35:42,154,HOLD
2025-05-27 18:35:42,155,SNT
2025-05-27 18:35:42,156,BCH
2025-05-27 18:35:42,157,L3
2025-05-27 18:35:42,158,KEKIUS
2025-05-27 18:35:42,159,ICP
2025-05-27 18:35:42,160,GFM
2025-05-27 18:35:42,161,MOBILE
2025-05-27 18:35:42,162,PYTH
2025-05-27 18:35:42,163,AERGO
2025-05-27 18:35:42,164,AZERO
2025-05-27 18:35:42,165,WHITE
2025-05-27 18:35:42,166,SAGA
2025-05-27 18:35:42,167,JASMY
2025-05-27 18:35:42,168,USELESS
2025-05-27 18:35:42,169,SUPRA
2025-05-27 18:35:42,170,POL
2025-05-27 18:35:42,171,BAKE
2025-05-27 18:35:42,172,DOG
2025-05-27 18:35:42,173,NIL
2025-05-27 18:35:42,174,W
2025-05-27 18:35:42,175,STRK
2025-05-27 18:35:42,176,GRIFFAIN
2025-05-27 18:35:42,177,NOT
2025-05-27 18:35:42,178,RIZ
2025-05-27 18:35:42,179,HOUSE
2025-05-27 18:35:42,180,GROK
2025-05-27 18:35:42,181,REZ
2025-05-27 18:35:42,182,BOME
2025-05-27 18:35:42,183,TROLLSOL
2025-05-27 18:35:42,184,ROSE
2025-05-27 18:35:42,185,PIXEL
2025-05-27 18:35:42,186,ZEREBRO
2025-05-27 18:35:42,187,SAND
2025-05-27 18:35:42,188,LAYER
2025-05-27 18:35:42,189,ALCH
2025-05-27 18:35:42,190,ALGO
2025-05-27 18:35:42,191,VINE
2025-05-27 18:35:42,192,PUMPAI
2025-05-27 18:35:42,193,AUCTION
2025-05-27 18:35:42,194,JTO
2025-05-27 18:35:42,195,ETC
2025-05-27 18:35:42,196,MUBARAK
2025-05-27 18:35:42,197,PAXG
2025-05-27 18:35:42,198,KERNEL
2025-05-27 18:35:42,199,ZEC
2025-05-27 18:35:42,200,ANIME
2025-05-27 18:35:42,201,FWOG
2025-05-27 18:35:42,202,PEOPLE
2025-05-27 18:35:42,203,LISTA
2025-05-27 18:35:42,204,MKR
2025-05-27 18:35:42,205,ARCSOL
2025-05-27 18:35:42,206,HEI
2025-05-27 18:35:42,207,CATI
2025-05-27 18:35:42,208,BIO
2025-05-27 18:35:42,209,BSW
2025-05-27 18:35:42,210,VANRY
2025-05-27 18:35:42,211,ENS
2025-05-27 18:35:42,212,COW
2025-05-27 18:35:42,213,BUZZ
2025-05-27 18:35:42,214,FHE
2025-05-27 18:35:42,215,GRT
2025-05-27 18:35:42,216,DEGEN
2025-05-27 18:35:42,217,ORCA
2025-05-27 18:35:42,218,SUSHI
2025-05-27 18:35:42,219,TOMI
2025-05-27 18:35:42,220,SNEK
2025-05-27 18:35:42,221,ULTIMA
2025-05-27 18:35:42,222,BMT
2025-05-27 18:35:42,223,USUAL
2025-05-27 18:35:42,224,RAI
2025-05-27 18:35:42,225,MEME
2025-05-27 18:35:42,226,CYBER
2025-05-27 18:35:42,227,VET
2025-05-27 18:35:42,228,VANA
2025-05-27 18:35:42,229,TOSHI
2025-05-27 18:35:42,230,SXT
2025-05-27 18:35:42,231,STONKS
2025-05-27 18:35:42,232,VOXEL
2025-05-27 18:35:42,233,GEAR
2025-05-27 18:35:42,234,MEW
2025-05-27 18:35:42,235,TOKEN
2025-05-27 18:35:42,236,MINA
2025-05-27 18:35:42,237,CGPT
2025-05-27 18:35:42,238,ATH
2025-05-27 18:35:42,239,FRED
2025-05-27 18:35:42,240,GOG
2025-05-27 18:35:42,241,FORM
2025-05-27 18:35:42,242,PORTAL
2025-05-27 18:35:42,243,AIOT
2025-05-27 18:35:42,244,RAY
2025-05-27 18:35:42,245,UFD
2025-05-27 18:35:42,246,PAIN
2025-05-27 18:35:42,247,JELLYJELLY
2025-05-27 18:35:42,248,ACH
2025-05-27 18:35:42,249,BROCCOLI
2025-05-27 18:35:42,250,KAVA
2025-05-27 18:35:42,251,ZKSYNC
2025-05-27 18:35:42,252,AXS
2025-05-27 18:35:42,253,ZRO
2025-05-27 18:35:42,254,HIFI
2025-05-27 18:35:42,255,ID
2025-05-27 18:35:42,256,DEGO
2025-05-27 18:35:42,257,MANA
2025-05-27 18:35:42,258,THETA
2025-05-27 18:35:42,259,BUBB
2025-05-27 18:35:42,260,CHZ
2025-05-27 18:35:42,261,CRO
2025-05-27 18:35:42,262,UMA
2025-05-27 18:35:42,263,QUBIC
2025-05-27 18:35:42,264,MEMEFI
2025-05-27 18:35:42,265,CORE
2025-05-27 18:35:42,266,ALPHA
2025-05-27 18:35:42,267,ACT
2025-05-27 18:35:42,268,AGIXT
2025-05-27 18:35:42,269,LUNC
2025-05-27 18:35:42,270,COS
2025-05-27 18:35:42,271,1INCH
2025-05-27 18:35:42,272,DEEP
2025-05-27 18:35:42,273,AVL
2025-05-27 18:35:42,274,1DOLLAR
2025-05-27 18:35:42,275,MILK
2025-05-27 18:35:42,276,ZORA
2025-05-27 18:35:42,277,C98
2025-05-27 18:35:42,278,GMX
2025-05-27 18:35:42,279,BLZ
2025-05-27 18:35:42,280,MANTA
2025-05-27 18:35:42,281,MAVIA
2025-05-27 18:35:42,282,LUMIA
2025-05-27 18:35:42,283,DSYNC
2025-05-27 18:35:42,284,AR
2025-05-27 18:35:42,285,SHM
2025-05-27 18:35:42,286,PORT3
2025-05-27 18:35:42,287,LUNANEW
2025-05-27 18:35:42,288,COMP
2025-05-27 18:35:42,289,LQTY
2025-05-27 18:35:42,290,IOTA
2025-05-27 18:35:42,291,COTI
2025-05-27 18:35:42,292,WOO
2025-05-27 18:35:42,293,PHB
2025-05-27 18:35:42,294,SATS
2025-05-27 18:35:42,295,VIDT
2025-05-27 18:35:42,296,TUT
2025-05-27 18:35:42,297,STX
2025-05-27 18:35:42,298,ILV
2025-05-27 18:35:42,299,SQD
2025-05-27 18:35:42,300,GPU
2025-05-27 18:35:42,301,AWE
2025-05-27 18:35:42,302,SWARMS
2025-05-27 18:35:42,303,ZIG
2025-05-27 18:35:42,304,PHA
2025-05-27 18:35:42,305,1000RATS
2025-05-27 18:35:42,306,WAL
2025-05-27 18:35:42,307,BIGTIME
2025-05-27 18:35:42,308,THE
2025-05-27 18:35:42,309,DASH
2025-05-27 18:35:42,310,API3
2025-05-27 18:35:42,311,RARE
2025-05-27 18:35:42,312,DEAI
2025-05-27 18:35:42,313,USA
2025-05-27 18:35:42,314,BANANA
2025-05-27 18:35:42,315,VRA
2025-05-27 18:35:42,316,HASHAI
2025-05-27 18:35:42,317,BEAMX
2025-05-27 18:35:42,318,ZEUS
2025-05-27 18:35:42,319,DOGEGOV
2025-05-27 18:35:42,320,DOOD
2025-05-27 18:35:42,321,CFX
2025-05-27 18:35:42,322,MYRO
2025-05-27 18:35:42,323,GHX
2025-05-27 18:35:42,324,BROCCOLIF3B
2025-05-27 18:35:42,325,RFC
2025-05-27 18:35:42,326,AI
2025-05-27 18:35:42,327,1000000BABYDOGE
2025-05-27 18:35:42,328,MAGIC
2025-05-27 18:35:42,329,MIRAI
2025-05-27 18:35:42,330,SAFE
2025-05-27 18:35:42,331,1000000MOG
2025-05-27 18:35:42,332,KOMA
2025-05-27 18:35:42,333,IMX
2025-05-27 18:35:42,334,LUCE
2025-05-27 18:35:42,335,EDGE
2025-05-27 18:35:42,336,OBOL
2025-05-27 18:35:42,337,SNX
2025-05-27 18:35:42,338,REX
2025-05-27 18:35:42,339,GUN
2025-05-27 18:35:42,340,MDOGS
2025-05-27 18:35:42,341,SWELL
2025-05-27 18:35:42,342,PROMPT
2025-05-27 18:35:42,343,VIC
2025-05-27 18:35:42,344,PONKE
2025-05-27 18:35:42,345,PEAQ
2025-05-27 18:35:42,346,SLING
2025-05-27 18:35:42,347,ENJ
2025-05-27 18:35:42,348,BEL
2025-05-27 18:35:42,349,XCN
2025-05-27 18:35:42,350,KDA
2025-05-27 18:35:42,351,PLUME
2025-05-27 18:35:42,352,FTT
2025-05-27 18:35:42,353,GIGA
2025-05-27 18:35:42,354,SHELL
2025-05-27 18:35:42,355,MOVR
2025-05-27 18:35:42,356,BB
2025-05-27 18:35:42,357,SUPER
2025-05-27 18:35:42,358,CHR
2025-05-27 18:35:42,359,YGG
2025-05-27 18:35:42,360,FARTBOY
2025-05-27 18:35:42,361,LRC
2025-05-27 18:35:42,362,SKYAI
2025-05-27 18:35:42,363,SOLV
2025-05-27 18:35:42,364,PIN
2025-05-27 18:35:42,365,BUTTHOLE
2025-05-27 18:35:42,366,FUN
2025-05-27 18:35:42,367,RSR
2025-05-27 18:35:42,368,MANEKI
2025-05-27 18:35:42,369,TREAT
2025-05-27 18:35:42,370,LEVER
2025-05-27 18:35:42,371,STO
2025-05-27 18:35:42,372,SSV
2025-05-27 18:35:42,373,IP
2025-05-27 18:35:42,374,SONIC
2025-05-27 18:35:42,375,TST
2025-05-27 18:35:42,376,EGLD
2025-05-27 18:35:42,377,BOTIFY
2025-05-27 18:35:42,378,PAAL
2025-05-27 18:35:42,379,OL
2025-05-27 18:35:42,380,CKB
2025-05-27 18:35:42,381,SZN
2025-05-27 18:35:42,382,APEX
2025-05-27 18:35:42,383,MUBI
2025-05-27 18:35:42,384,TRUMP
2025-05-27 18:35:42,385,AEVO
2025-05-27 18:35:42,386,TLOS
2025-05-27 18:35:42,387,AGLD
2025-05-27 18:35:42,388,RBNT
2025-05-27 18:35:42,389,KSM
2025-05-27 18:35:42,390,FB
2025-05-27 18:35:42,391,STNK
2025-05-27 18:35:42,392,DARK
2025-05-27 18:35:42,393,PARTI
2025-05-27 18:35:42,394,GHST
2025-05-27 18:35:42,395,ZIL
2025-05-27 18:35:42,396,KMNO
2025-05-27 18:35:42,397,BAN
2025-05-27 18:35:42,398,EPT
2025-05-27 18:35:42,399,LPT
2025-05-27 18:35:42,400,ETHW
2025-05-27 18:35:42,401,CVX
2025-05-27 18:35:42,402,VVAIFU
2025-05-27 18:35:42,403,DEVVE
2025-05-27 18:35:42,404,PEPU
2025-05-27 18:35:42,405,GMTTOKEN
2025-05-27 18:35:42,406,XDC
2025-05-27 18:35:42,407,NEO
2025-05-27 18:35:42,408,XVG
2025-05-27 18:35:42,409,BLUR
2025-05-27 18:35:42,410,ZEN
2025-05-27 18:35:42,411,EDU
2025-05-27 18:35:42,412,AERO
2025-05-27 18:35:42,413,NPC
2025-05-27 18:35:42,414,SUNDOG
2025-05-27 18:35:42,415,X
2025-05-27 18:35:42,416,NKN
2025-05-27 18:35:42,417,HIGH
2025-05-27 18:35:42,418,METIS
2025-05-27 18:35:42,419,ACS
2025-05-27 18:35:42,420,BID
2025-05-27 18:35:42,421,OG
2025-05-27 18:35:42,422,NFP
2025-05-27 18:35:42,423,BABY
2025-05-27 18:35:42,424,HMSTR
2025-05-27 18:35:42,425,SIGN
2025-05-27 18:35:42,426,MERL
2025-05-27 18:35:42,427,DADDY
2025-05-27 18:35:42,428,SWAN
2025-05-27 18:35:42,429,PUMP
2025-05-27 18:35:42,430,FIDA
2025-05-27 18:35:42,431,ASR
2025-05-27 18:35:42,432,10000WEN
2025-05-27 18:35:42,433,VELO
2025-05-27 18:35:42,434,PRCL
2025-05-27 18:35:42,435,CPOOL
2025-05-27 18:35:42,436,ONE
2025-05-27 18:35:42,437,CSPR
2025-05-27 18:35:42,438,RAD
2025-05-27 18:35:42,439,OMNI
2025-05-27 18:35:42,440,WAVES
2025-05-27 18:35:42,441,JOE
2025-05-27 18:35:42,442,AIOZ
2025-05-27 18:35:42,443,ORAI
2025-05-27 18:35:42,444,ONT
2025-05-27 18:35:42,445,TRU
2025-05-27 18:35:42,446,DYM
2025-05-27 18:35:42,447,ULTI
2025-05-27 18:35:42,448,CAT
2025-05-27 18:35:42,449,MNT
2025-05-27 18:35:42,450,IOTX
2025-05-27 18:35:42,451,ME
2025-05-27 18:35:42,452,HOOK
2025-05-27 18:35:42,453,AIC
2025-05-27 18:35:42,454,POLS
2025-05-27 18:35:42,455,DUSK
2025-05-27 18:35:42,456,CLANKER
2025-05-27 18:35:42,457,SPELL
2025-05-27 18:35:42,458,NTRN
2025-05-27 18:35:42,459,HOT
2025-05-27 18:35:42,460,G7
2025-05-27 18:35:42,461,VVV
2025-05-27 18:35:42,462,B2
2025-05-27 18:35:42,463,SLF
2025-05-27 18:35:42,464,CATS
2025-05-27 18:35:42,465,ALPH
2025-05-27 18:35:42,466,YFI
2025-05-27 18:35:42,467,DODO
2025-05-27 18:35:42,468,FLOW
2025-05-27 18:35:42,469,GHIBLI
2025-05-27 18:35:42,470,XEM
2025-05-27 18:35:42,471,EUR
2025-05-27 18:35:42,472,K
2025-05-27 18:35:42,473,TORN
2025-05-27 18:35:42,474,SKL
2025-05-27 18:35:42,475,PAWS
2025-05-27 18:35:42,476,10000WHY
2025-05-27 18:35:42,477,HNT
2025-05-27 18:35:42,478,GLMR
2025-05-27 18:35:42,479,DENT
2025-05-27 18:35:42,480,BFTOKEN
2025-05-27 18:35:42,481,XPR
2025-05-27 18:35:42,482,SIREN
2025-05-27 18:35:42,483,ALPINE
2025-05-27 18:35:42,484,AKT
2025-05-27 18:35:42,485,STORJ
2025-05-27 18:35:42,486,AMI
2025-05-27 18:35:42,487,1000APU
2025-05-27 18:35:42,488,ICE
2025-05-27 18:35:42,489,USTC
2025-05-27 18:35:42,490,ANKR
2025-05-27 18:35:42,491,MIGGLES
2025-05-27 18:35:42,492,1000MUMU
2025-05-27 18:35:42,493,PRIME
2025-05-27 18:35:42,494,HFT
2025-05-27 18:35:42,495,AUDIO
2025-05-27 18:35:42,496,ELON
2025-05-27 18:35:42,497,TEL
2025-05-27 18:35:42,498,MICHI
2025-05-27 18:35:42,499,MORPHO
2025-05-27 18:35:42,500,XTZ
2025-05-27 18:35:42,501,100000AIDOGE
2025-05-27 18:35:42,502,ALEO
2025-05-27 18:35:42,503,AVA
2025-05-27 18:35:42,504,SLP
2025-05-27 18:35:42,505,TWT
2025-05-27 18:35:42,506,RDNT
2025-05-27 18:35:42,507,BANK
2025-05-27 18:35:42,508,FIS
2025-05-27 18:35:42,509,SXP
2025-05-27 18:35:42,510,WIZZ
2025-05-27 18:35:42,511,ZERO
2025-05-27 18:35:42,512,LOOKS
2025-05-27 18:35:42,513,ACE
2025-05-27 18:35:42,514,MLN
2025-05-27 18:35:42,515,OBT
2025-05-27 18:35:42,516,ATA
2025-05-27 18:35:42,517,CHEEMS
2025-05-27 18:35:42,518,OMI
2025-05-27 18:35:42,519,CELR
2025-05-27 18:35:42,520,RACA
2025-05-27 18:35:42,521,ARPA
2025-05-27 18:35:42,522,ALT
2025-05-27 18:35:42,523,NMR
2025-05-27 18:35:42,524,VELODROME
2025-05-27 18:35:42,525,BAND
2025-05-27 18:35:42,526,UXLINK
2025-05-27 18:35:42,527,ANON
2025-05-27 18:35:42,528,PERP
2025-05-27 18:35:42,529,JUV
2025-05-27 18:35:42,530,DAG
2025-05-27 18:35:42,531,GODS
2025-05-27 18:35:42,532,ELX
2025-05-27 18:35:42,533,MBOX
2025-05-27 18:35:42,534,AMP
2025-05-27 18:35:42,535,ASTR
2025-05-27 18:35:42,536,FLOCK
2025-05-27 18:35:42,537,BAT
2025-05-27 18:35:42,538,CVC
2025-05-27 18:35:42,539,FLUX1
2025-05-27 18:35:42,540,SYS
2025-05-27 18:35:42,541,RLC
2025-05-27 18:35:42,542,RPL
2025-05-27 18:35:42,543,WIN
2025-05-27 18:35:42,544,SLERF
2025-05-27 18:35:42,545,TNSR
2025-05-27 18:35:42,546,ALICE
2025-05-27 18:35:42,547,SFP
2025-05-27 18:35:42,548,MAV
2025-05-27 18:35:42,549,ZETA
2025-05-27 18:35:42,550,QTUM
2025-05-27 18:35:42,551,WAXP
2025-05-27 18:35:42,552,AXL
2025-05-27 18:35:42,553,HARRY
2025-05-27 18:35:42,554,SOLO
2025-05-27 18:35:42,555,EPIC
2025-05-27 18:35:42,556,DOGINME
2025-05-27 18:35:42,557,BSV
2025-05-27 18:35:42,558,TLM
2025-05-27 18:35:42,559,GST
2025-05-27 18:35:42,560,RON
2025-05-27 18:35:42,561,GTC
2025-05-27 18:35:42,562,BICO
2025-05-27 18:35:42,563,10000LADYS
2025-05-27 18:35:42,564,1000000PEIPEI
2025-05-27 18:35:42,565,OZK
2025-05-27 18:35:42,566,MTL
2025-05-27 18:35:42,567,XION
2025-05-27 18:35:42,568,KNC
2025-05-27 18:35:42,569,PRAI
2025-05-27 18:35:42,570,USDC
2025-05-27 18:35:42,571,MOCA
2025-05-27 18:35:42,572,BRISE
2025-05-27 18:35:42,573,FLR
2025-05-27 18:35:42,574,GASDAO
2025-05-27 18:35:42,575,ZENT
2025-05-27 18:35:42,576,CELO
2025-05-27 18:35:42,577,ACA
2025-05-27 18:35:42,578,COOK
2025-05-27 18:35:42,579,POND
2025-05-27 18:35:42,580,STG
2025-05-27 18:35:42,581,APX
2025-05-27 18:35:42,582,PSG
2025-05-27 18:35:42,583,SCR
2025-05-27 18:35:42,584,BOBA
2025-05-27 18:35:42,585,A8
2025-05-27 18:35:42,586,ZRX
2025-05-27 18:35:42,587,DRIFT
2025-05-27 18:35:42,588,CLOUD
2025-05-27 18:35:42,589,ALU
2025-05-27 18:35:42,590,BGSC
2025-05-27 18:35:42,591,POLYX
2025-05-27 18:35:42,592,B3
2025-05-27 18:35:42,593,BAR
2025-05-27 18:35:42,594,KAIA
2025-05-27 18:35:42,595,FAI
2025-05-27 18:35:42,596,XCH
2025-05-27 18:35:42,597,SWEAT
2025-05-27 18:35:42,598,BNT
2025-05-27 18:35:42,599,XRD
2025-05-27 18:35:42,600,POWR
2025-05-27 18:35:42,601,STRAX
2025-05-27 18:35:42,602,SCA
2025-05-27 18:35:42,603,SPEC
2025-05-27 18:35:42,604,ACX
2025-05-27 18:35:42,605,SUN
2025-05-27 18:35:42,606,BR
2025-05-27 18:35:42,607,RVN
2025-05-27 18:35:42,608,JST
2025-05-27 18:35:42,609,AGI
2025-05-27 18:35:42,610,MAGA
2025-05-27 18:35:42,611,CULT
2025-05-27 18:35:42,612,LOKA
2025-05-27 18:35:42,613,MASA
2025-05-27 18:35:42,614,CARV
2025-05-27 18:35:42,615,GM1
2025-05-27 18:35:42,616,DATA
2025-05-27 18:35:42,617,VTHO
2025-05-27 18:35:42,618,LAT
2025-05-27 18:35:42,619,QUICK
2025-05-27 18:35:42,620,DIA
2025-05-27 18:35:42,621,PYR
2025-05-27 18:35:42,622,WILD
2025-05-27 18:35:42,623,POPE
2025-05-27 18:35:42,624,SCRT
2025-05-27 18:35:42,625,CTK
2025-05-27 18:35:42,626,OGN
2025-05-27 18:35:42,627,ALCX
2025-05-27 18:35:42,628,RIF
2025-05-27 18:35:42,629,BAL
2025-05-27 18:35:42,630,OXT
2025-05-27 18:35:42,631,WAN
2025-05-27 18:35:42,632,SHX
2025-05-27 18:35:42,633,1000BTT
2025-05-27 18:35:42,634,ARK
2025-05-27 18:35:42,635,PUFFER
2025-05-27 18:35:42,636,ZRC
2025-05-27 18:35:42,637,FIO
2025-05-27 18:35:42,638,PROM
2025-05-27 18:35:42,639,JPY
2025-05-27 18:35:42,640,HIVE
2025-05-27 18:35:42,641,G
2025-05-27 18:35:42,642,REI
2025-05-27 18:35:42,643,NAVX
2025-05-27 18:35:42,644,SWFTC
2025-05-27 18:35:42,645,F
2025-05-27 18:35:42,646,OMG
2025-05-27 18:35:42,647,LSK
2025-05-27 18:35:42,648,10000COQ
2025-05-27 18:35:42,649,XNO
2025-05-27 18:35:42,650,FORTH
2025-05-27 18:35:42,651,IOST
2025-05-27 18:35:42,652,REQ
2025-05-27 18:35:42,653,QI
2025-05-27 18:35:42,654,GLM
2025-05-27 18:35:42,655,DGB
2025-05-27 18:35:42,656,SANTOS
2025-05-27 18:35:42,657,DCR
2025-05-27 18:35:42,658,NS
2025-05-27 18:35:42,659,ROAM
2025-05-27 18:35:42,660,T
2025-05-27 18:35:42,661,XEC
2025-05-27 18:35:42,662,ONG
2025-05-27 18:35:42,663,SD
2025-05-27 18:35:42,664,OSMO
2025-05-27 18:35:42,665,NEXO
2025-05-27 18:35:42,666,ZKJ
2025-05-27 18:35:42,667,BLAST
2025-05-27 18:35:42,668,LMWR
2025-05-27 18:35:42,669,NC
2025-05-27 18:35:42,670,VR
2025-05-27 18:35:42,671,WMTX
2025-05-27 18:35:42,672,ICX
2025-05-27 18:35:42,673,DUCK
2025-05-27 18:35:42,674,GBP
2025-05-27 18:35:42,675,IQ
2025-05-27 18:35:42,676,D
2025-05-27 18:35:42,677,CTSI
2025-05-27 18:35:42,678,GOMINING
2025-05-27 18:35:42,679,SC
2025-05-27 18:35:42,680,AUD
2025-05-27 18:35:42,681,RSS3
2025-05-27 18:35:42,682,GNO
2025-05-27 18:35:42,683,FTN
2025-05-27 18:35:42,684,AVAIL
2025-05-27 18:35:42,685,DF
2025-05-27 18:35:42,686,LAVA
2025-05-27 18:35:42,687,ORDER
2025-05-27 18:35:42,688,TAIKO
2025-05-27 18:35:42,689,BADGER
2025-05-27 18:35:42,690,LAZIO
2025-05-27 18:35:42,691,MDT
2025-05-27 18:35:42,692,CTC
2025-05-27 18:35:42,693,CBK
2025-05-27 18:35:42,694,GPS
2025-05-27 18:35:42,695,PORTO
2025-05-27 18:35:42,696,IDEX
2025-05-27 18:35:42,697,TFUEL
2025-05-27 18:35:42,698,PIVX
2025-05-27 18:35:42,699,FARM
2025-05-27 18:35:42,700,J
2025-05-27 18:35:42,701,SPA
2025-05-27 18:35:42,702,STEEM
2025-05-27 18:35:42,703,TRY
2025-05-27 18:35:42,704,MVL
2025-05-27 18:35:42,705,BRL
2025-05-27 18:35:42,706,CHF
2025-05-27 18:35:42,707,MBL
2025-05-27 18:35:42,708,KMD
2025-05-27 18:35:42,709,CITY
2025-05-27 18:35:42,710,CAD
2025-05-27 18:35:42,711,ORBS
2025-05-27 18:35:42,712,SERAPH
2025-05-27 18:35:42,713,DBR
2025-05-27 18:35:42,714,SOPH
2025-05-27 19:27:16,1,BTC
2025-05-27 19:27:16,2,ETH
2025-05-27 19:27:16,3,TRB
2025-05-27 19:27:16,4,SUI
2025-05-27 19:27:16,5,SOL
2025-05-27 19:27:16,6,PFVS
2025-05-27 19:27:16,7,XRP
2025-05-27 19:27:16,8,ELDE
2025-05-27 19:27:16,9,HUMA
2025-05-27 19:27:16,10,GORILLABSC
2025-05-27 19:27:16,11,PEPE
2025-05-27 19:27:16,12,B
2025-05-27 19:27:16,13,WCT
2025-05-27 19:27:16,14,MOODENG
2025-05-27 19:27:16,15,WIF
2025-05-27 19:27:16,16,VIRTUAL
2025-05-27 19:27:16,17,GOONC
2025-05-27 19:27:16,18,ADA
2025-05-27 19:27:16,19,DOGE
2025-05-27 19:27:16,20,WLD
2025-05-27 19:27:16,21,FARTCOIN
2025-05-27 19:27:16,22,CAKE
2025-05-27 19:27:16,23,QNT
2025-05-27 19:27:16,24,MOONPIG
2025-05-27 19:27:16,25,LABUBU
2025-05-27 19:27:16,26,ETHFI
2025-05-27 19:27:16,27,LAUNCHCOIN
2025-05-27 19:27:16,28,PI
2025-05-27 19:27:16,29,LINK
2025-05-27 19:27:16,30,ENA
2025-05-27 19:27:16,31,A
2025-05-27 19:27:16,32,CETUS
2025-05-27 19:27:16,33,HYPE
2025-05-27 19:27:16,34,TRUMPOFFICIAL
2025-05-27 19:27:16,35,DOLO
2025-05-27 19:27:16,36,AAVE
2025-05-27 19:27:16,37,JAGER
2025-05-27 19:27:16,38,AVAX
2025-05-27 19:27:16,39,SNS
2025-05-27 19:27:16,40,AIXBT
2025-05-27 19:27:16,41,INJ
2025-05-27 19:27:16,42,RDAC
2025-05-27 19:27:16,43,JUP
2025-05-27 19:27:16,44,DIS
2025-05-27 19:27:16,45,LTC
2025-05-27 19:27:16,46,POPCAT
2025-05-27 19:27:16,47,TIA
2025-05-27 19:27:16,48,ONDO
2025-05-27 19:27:16,49,COOKIE
2025-05-27 19:27:16,50,DOT
2025-05-27 19:27:16,51,NEIROETH
2025-05-27 19:27:16,52,RWA
2025-05-27 19:27:16,53,TAO
2025-05-27 19:27:16,54,KAITO
2025-05-27 19:27:16,55,ARB
2025-05-27 19:27:16,56,NEAR
2025-05-27 19:27:16,57,HOSICO
2025-05-27 19:27:16,58,PNUT
2025-05-27 19:27:16,59,GNC
2025-05-27 19:27:16,60,XMR
2025-05-27 19:27:16,61,BNB
2025-05-27 19:27:16,62,ZBCN
2025-05-27 19:27:16,63,FLM
2025-05-27 19:27:16,64,FET
2025-05-27 19:27:16,65,MYX
2025-05-27 19:27:16,66,APT
2025-05-27 19:27:16,67,UNI
2025-05-27 19:27:16,68,OP
2025-05-27 19:27:16,69,TONCOIN
2025-05-27 19:27:16,70,TRX
2025-05-27 19:27:16,71,DONKEY
2025-05-27 19:27:16,72,RATO
2025-05-27 19:27:16,73,LDO
2025-05-27 19:27:16,74,MAJOR
2025-05-27 19:27:16,75,HYPER
2025-05-27 19:27:16,76,AGT
2025-05-27 19:27:16,77,ALPACA
2025-05-27 19:27:16,78,LOOM
2025-05-27 19:27:16,79,TITCOIN
2025-05-27 19:27:16,80,HBAR
2025-05-27 19:27:16,81,DINO
2025-05-27 19:27:16,82,SOONNETWORK
2025-05-27 19:27:16,83,SEND
2025-05-27 19:27:16,84,NXPC
2025-05-27 19:27:16,85,VELAAI
2025-05-27 19:27:16,86,INIT
2025-05-27 19:27:16,87,BRETT
2025-05-27 19:27:16,88,HAEDAL
2025-05-27 19:27:16,89,TAI
2025-05-27 19:27:16,90,GORK
2025-05-27 19:27:16,91,GOAT
2025-05-27 19:27:16,92,ORDI
2025-05-27 19:27:16,93,BANANAS31
2025-05-27 19:27:16,94,CRV
2025-05-27 19:27:16,95,AI16Z
2025-05-27 19:27:16,96,GRASS
2025-05-27 19:27:16,97,HIPPO
2025-05-27 19:27:16,98,MYRIA
2025-05-27 19:27:16,99,SEI
2025-05-27 19:27:16,100,FXS
2025-05-27 19:27:16,101,SAROS
2025-05-27 19:27:16,102,TIBBIR
2025-05-27 19:27:16,103,APE
2025-05-27 19:27:16,104,OM
2025-05-27 19:27:16,105,STARTUP
2025-05-27 19:27:16,106,SHIB
2025-05-27 19:27:16,107,EIGEN
2025-05-27 19:27:16,108,MASK
2025-05-27 19:27:16,109,DUPE
2025-05-27 19:27:16,110,S
2025-05-27 19:27:16,111,ATOM
2025-05-27 19:27:16,112,LUNAI
2025-05-27 19:27:16,113,FILECOIN
2025-05-27 19:27:16,114,1000BONK
2025-05-27 19:27:16,115,AVAAI
2025-05-27 19:27:16,116,NOBODY
2025-05-27 19:27:16,117,RENDER
2025-05-27 19:27:16,118,DYDX
2025-05-27 19:27:16,119,KAS
2025-05-27 19:27:16,120,MOVE
2025-05-27 19:27:16,121,CAPTAINBNB
2025-05-27 19:27:16,122,XVS
2025-05-27 19:27:16,123,SYRUP
2025-05-27 19:27:16,124,PENGU
2025-05-27 19:27:16,125,GALA
2025-05-27 19:27:16,126,COLLAT
2025-05-27 19:27:16,127,NEIROCTO
2025-05-27 19:27:16,128,FLOKI
2025-05-27 19:27:16,129,PENDLE
2025-05-27 19:27:16,130,PUNDIX
2025-05-27 19:27:16,131,BOOP
2025-05-27 19:27:16,132,PSTAKE
2025-05-27 19:27:16,133,SYN
2025-05-27 19:27:16,134,CHESS
2025-05-27 19:27:16,135,BLUE
2025-05-27 19:27:16,136,RUNE
2025-05-27 19:27:16,137,RED
2025-05-27 19:27:16,138,DRB
2025-05-27 19:27:16,139,DOGS
2025-05-27 19:27:16,140,TURBO
2025-05-27 19:27:16,141,XAUT
2025-05-27 19:27:16,142,XAI
2025-05-27 19:27:16,143,CHILLGUY
2025-05-27 19:27:16,144,PWEASE
2025-05-27 19:27:16,145,OIK
2025-05-27 19:27:16,146,PIPPIN
2025-05-27 19:27:16,147,BERA
2025-05-27 19:27:16,148,SAGA
2025-05-27 19:27:16,149,TGT
2025-05-27 19:27:16,150,MELANIA
2025-05-27 19:27:16,151,IO
2025-05-27 19:27:16,152,ARKM
2025-05-27 19:27:16,153,SLING
2025-05-27 19:27:16,154,XLM
2025-05-27 19:27:16,155,USELESS
2025-05-27 19:27:16,156,SPX
2025-05-27 19:27:16,157,SNT
2025-05-27 19:27:16,158,ICP
2025-05-27 19:27:16,159,KEKIUS
2025-05-27 19:27:16,160,BCH
2025-05-27 19:27:16,161,HOLD
2025-05-27 19:27:16,162,GFM
2025-05-27 19:27:16,163,L3
2025-05-27 19:27:16,164,GRIFFAIN
2025-05-27 19:27:16,165,MOBILE
2025-05-27 19:27:16,166,PYTH
2025-05-27 19:27:16,167,JASMY
2025-05-27 19:27:16,168,AERGO
2025-05-27 19:27:16,169,WHITE
2025-05-27 19:27:16,170,AZERO
2025-05-27 19:27:16,171,SUPRA
2025-05-27 19:27:16,172,ZEREBRO
2025-05-27 19:27:16,173,POL
2025-05-27 19:27:16,174,STRK
2025-05-27 19:27:16,175,NIL
2025-05-27 19:27:16,176,BAKE
2025-05-27 19:27:16,177,NOT
2025-05-27 19:27:16,178,W
2025-05-27 19:27:16,179,DOG
2025-05-27 19:27:16,180,BOME
2025-05-27 19:27:16,181,GROK
2025-05-27 19:27:16,182,HOUSE
2025-05-27 19:27:16,183,REZ
2025-05-27 19:27:16,184,ROSE
2025-05-27 19:27:16,185,TROLLSOL
2025-05-27 19:27:16,186,VINE
2025-05-27 19:27:16,187,ALGO
2025-05-27 19:27:16,188,PIXEL
2025-05-27 19:27:16,189,ANIME
2025-05-27 19:27:16,190,RIZ
2025-05-27 19:27:16,191,SAND
2025-05-27 19:27:16,192,JTO
2025-05-27 19:27:16,193,LAYER
2025-05-27 19:27:16,194,ALCH
2025-05-27 19:27:16,195,AUCTION
2025-05-27 19:27:16,196,MUBARAK
2025-05-27 19:27:16,197,KERNEL
2025-05-27 19:27:16,198,ULTIMA
2025-05-27 19:27:16,199,ETC
2025-05-27 19:27:16,200,PAXG
2025-05-27 19:27:16,201,CATI
2025-05-27 19:27:16,202,ENS
2025-05-27 19:27:16,203,FWOG
2025-05-27 19:27:16,204,PEOPLE
2025-05-27 19:27:16,205,LISTA
2025-05-27 19:27:16,206,MKR
2025-05-27 19:27:16,207,ZEC
2025-05-27 19:27:16,208,DSYNC
2025-05-27 19:27:16,209,BSW
2025-05-27 19:27:16,210,VANRY
2025-05-27 19:27:16,211,BIO
2025-05-27 19:27:16,212,ARCSOL
2025-05-27 19:27:16,213,HEI
2025-05-27 19:27:16,214,COW
2025-05-27 19:27:16,215,BUZZ
2025-05-27 19:27:16,216,USUAL
2025-05-27 19:27:16,217,GRT
2025-05-27 19:27:16,218,ORCA
2025-05-27 19:27:16,219,FHE
2025-05-27 19:27:16,220,SUSHI
2025-05-27 19:27:16,221,DEGEN
2025-05-27 19:27:16,222,SNEK
2025-05-27 19:27:16,223,MEME
2025-05-27 19:27:16,224,TOMI
2025-05-27 19:27:16,225,VET
2025-05-27 19:27:16,226,VANA
2025-05-27 19:27:16,227,BMT
2025-05-27 19:27:16,228,CYBER
2025-05-27 19:27:16,229,TOSHI
2025-05-27 19:27:16,230,CGPT
2025-05-27 19:27:16,231,SXT
2025-05-27 19:27:16,232,GEAR
2025-05-27 19:27:16,233,MEW
2025-05-27 19:27:16,234,VOXEL
2025-05-27 19:27:16,235,ID
2025-05-27 19:27:16,236,RAI
2025-05-27 19:27:16,237,TOKEN
2025-05-27 19:27:16,238,PUMPAI
2025-05-27 19:27:16,239,STONKS
2025-05-27 19:27:16,240,FRED
2025-05-27 19:27:16,241,MEMEFI
2025-05-27 19:27:16,242,PORTAL
2025-05-27 19:27:16,243,AIOT
2025-05-27 19:27:16,244,FORM
2025-05-27 19:27:16,245,ATH
2025-05-27 19:27:16,246,GOG
2025-05-27 19:27:16,247,RAY
2025-05-27 19:27:16,248,MINA
2025-05-27 19:27:16,249,CORE
2025-05-27 19:27:16,250,PAIN
2025-05-27 19:27:16,251,KAVA
2025-05-27 19:27:16,252,ACH
2025-05-27 19:27:16,253,ZKSYNC
2025-05-27 19:27:16,254,AXS
2025-05-27 19:27:16,255,JELLYJELLY
2025-05-27 19:27:16,256,ZRO
2025-05-27 19:27:16,257,BROCCOLI
2025-05-27 19:27:16,258,HIFI
2025-05-27 19:27:16,259,THETA
2025-05-27 19:27:16,260,DEGO
2025-05-27 19:27:16,261,ACT
2025-05-27 19:27:16,262,CHZ
2025-05-27 19:27:16,263,1INCH
2025-05-27 19:27:16,264,UMA
2025-05-27 19:27:16,265,MANA
2025-05-27 19:27:16,266,CRO
2025-05-27 19:27:16,267,QUBIC
2025-05-27 19:27:16,268,UFD
2025-05-27 19:27:16,269,ALPHA
2025-05-27 19:27:16,270,DEEP
2025-05-27 19:27:16,271,LUNC
2025-05-27 19:27:16,272,COS
2025-05-27 19:27:16,273,AGIXT
2025-05-27 19:27:16,274,GMX
2025-05-27 19:27:16,275,1DOLLAR
2025-05-27 19:27:16,276,C98
2025-05-27 19:27:16,277,BLZ
2025-05-27 19:27:16,278,MANTA
2025-05-27 19:27:16,279,LUMIA
2025-05-27 19:27:16,280,ZORA
2025-05-27 19:27:16,281,AVL
2025-05-27 19:27:16,282,MAVIA
2025-05-27 19:27:16,283,BUBB
2025-05-27 19:27:16,284,COMP
2025-05-27 19:27:16,285,MILK
2025-05-27 19:27:16,286,LUNANEW
2025-05-27 19:27:16,287,COTI
2025-05-27 19:27:16,288,AR
2025-05-27 19:27:16,289,IOTA
2025-05-27 19:27:16,290,PORT3
2025-05-27 19:27:16,291,SHM
2025-05-27 19:27:16,292,SQD
2025-05-27 19:27:16,293,WOO
2025-05-27 19:27:16,294,PHB
2025-05-27 19:27:16,295,LQTY
2025-05-27 19:27:16,296,SATS
2025-05-27 19:27:16,297,SWARMS
2025-05-27 19:27:16,298,STX
2025-05-27 19:27:16,299,TUT
2025-05-27 19:27:16,300,ZIG
2025-05-27 19:27:16,301,WAL
2025-05-27 19:27:16,302,VIDT
2025-05-27 19:27:16,303,GPU
2025-05-27 19:27:16,304,ILV
2025-05-27 19:27:16,305,1000RATS
2025-05-27 19:27:16,306,PHA
2025-05-27 19:27:16,307,THE
2025-05-27 19:27:16,308,API3
2025-05-27 19:27:16,309,BIGTIME
2025-05-27 19:27:16,310,DEAI
2025-05-27 19:27:16,311,HASHAI
2025-05-27 19:27:16,312,DOGEGOV
2025-05-27 19:27:16,313,DASH
2025-05-27 19:27:16,314,AWE
2025-05-27 19:27:16,315,MAGIC
2025-05-27 19:27:16,316,USA
2025-05-27 19:27:16,317,VRA
2025-05-27 19:27:16,318,RFC
2025-05-27 19:27:16,319,DOOD
2025-05-27 19:27:16,320,RARE
2025-05-27 19:27:16,321,BANANA
2025-05-27 19:27:16,322,BEAMX
2025-05-27 19:27:16,323,ZEUS
2025-05-27 19:27:16,324,CFX
2025-05-27 19:27:16,325,MYRO
2025-05-27 19:27:16,326,SWELL
2025-05-27 19:27:16,327,SAFE
2025-05-27 19:27:16,328,AI
2025-05-27 19:27:16,329,MIRAI
2025-05-27 19:27:16,330,1000000BABYDOGE
2025-05-27 19:27:16,331,GHX
2025-05-27 19:27:16,332,1000000MOG
2025-05-27 19:27:16,333,IMX
2025-05-27 19:27:16,334,BROCCOLIF3B
2025-05-27 19:27:16,335,KOMA
2025-05-27 19:27:16,336,SKYAI
2025-05-27 19:27:16,337,OBOL
2025-05-27 19:27:16,338,GUN
2025-05-27 19:27:16,339,EDGE
2025-05-27 19:27:16,340,SNX
2025-05-27 19:27:16,341,ENJ
2025-05-27 19:27:16,342,REX
2025-05-27 19:27:16,343,MDOGS
2025-05-27 19:27:16,344,PROMPT
2025-05-27 19:27:16,345,MOVR
2025-05-27 19:27:16,346,VIC
2025-05-27 19:27:16,347,PONKE
2025-05-27 19:27:16,348,LUCE
2025-05-27 19:27:16,349,PEAQ
2025-05-27 19:27:16,350,XCN
2025-05-27 19:27:16,351,BEL
2025-05-27 19:27:16,352,GIGA
2025-05-27 19:27:16,353,PLUME
2025-05-27 19:27:16,354,KDA
2025-05-27 19:27:16,355,SHELL
2025-05-27 19:27:16,356,SSV
2025-05-27 19:27:16,357,BB
2025-05-27 19:27:16,358,FTT
2025-05-27 19:27:16,359,YGG
2025-05-27 19:27:16,360,CHR
2025-05-27 19:27:16,361,LRC
2025-05-27 19:27:16,362,PIN
2025-05-27 19:27:16,363,SOLV
2025-05-27 19:27:16,364,SUPER
2025-05-27 19:27:16,365,FUN
2025-05-27 19:27:16,366,RSR
2025-05-27 19:27:16,367,LEVER
2025-05-27 19:27:16,368,EGLD
2025-05-27 19:27:16,369,MANEKI
2025-05-27 19:27:16,370,SONIC
2025-05-27 19:27:16,371,BUTTHOLE
2025-05-27 19:27:16,372,TREAT
2025-05-27 19:27:16,373,IP
2025-05-27 19:27:16,374,PAAL
2025-05-27 19:27:16,375,TST
2025-05-27 19:27:16,376,FARTBOY
2025-05-27 19:27:16,377,STO
2025-05-27 19:27:16,378,AGLD
2025-05-27 19:27:16,379,AEVO
2025-05-27 19:27:16,380,MUBI
2025-05-27 19:27:16,381,CKB
2025-05-27 19:27:16,382,OL
2025-05-27 19:27:16,383,TLOS
2025-05-27 19:27:16,384,SZN
2025-05-27 19:27:16,385,TRUMP
2025-05-27 19:27:16,386,APEX
2025-05-27 19:27:16,387,KSM
2025-05-27 19:27:16,388,FB
2025-05-27 19:27:16,389,RBNT
2025-05-27 19:27:16,390,BOTIFY
2025-05-27 19:27:16,391,KMNO
2025-05-27 19:27:16,392,PARTI
2025-05-27 19:27:16,393,DARK
2025-05-27 19:27:16,394,GHST
2025-05-27 19:27:16,395,ZIL
2025-05-27 19:27:16,396,VVAIFU
2025-05-27 19:27:16,397,GMTTOKEN
2025-05-27 19:27:16,398,ETHW
2025-05-27 19:27:16,399,XDC
2025-05-27 19:27:16,400,SIGN
2025-05-27 19:27:16,401,SUNDOG
2025-05-27 19:27:16,402,LPT
2025-05-27 19:27:16,403,BLUR
2025-05-27 19:27:16,404,ZEN
2025-05-27 19:27:16,405,HMSTR
2025-05-27 19:27:16,406,NEO
2025-05-27 19:27:16,407,CVX
2025-05-27 19:27:16,408,XVG
2025-05-27 19:27:16,409,SWAN
2025-05-27 19:27:16,410,PEPU
2025-05-27 19:27:16,411,HIGH
2025-05-27 19:27:16,412,METIS
2025-05-27 19:27:16,413,NPC
2025-05-27 19:27:16,414,EPT
2025-05-27 19:27:16,415,EDU
2025-05-27 19:27:16,416,STNK
2025-05-27 19:27:16,417,AERO
2025-05-27 19:27:16,418,DEVVE
2025-05-27 19:27:16,419,NKN
2025-05-27 19:27:16,420,X
2025-05-27 19:27:16,421,OG
2025-05-27 19:27:16,422,ACS
2025-05-27 19:27:16,423,NFP
2025-05-27 19:27:16,424,BABY
2025-05-27 19:27:16,425,DADDY
2025-05-27 19:27:16,426,HOT
2025-05-27 19:27:16,427,MERL
2025-05-27 19:27:16,428,10000WEN
2025-05-27 19:27:16,429,PUMP
2025-05-27 19:27:16,430,CPOOL
2025-05-27 19:27:16,431,VVV
2025-05-27 19:27:16,432,RAD
2025-05-27 19:27:16,433,ONE
2025-05-27 19:27:16,434,CSPR
2025-05-27 19:27:16,435,VELO
2025-05-27 19:27:16,436,ONT
2025-05-27 19:27:16,437,WAVES
2025-05-27 19:27:16,438,JOE
2025-05-27 19:27:16,439,PRCL
2025-05-27 19:27:16,440,OMNI
2025-05-27 19:27:16,441,FIDA
2025-05-27 19:27:16,442,AIOZ
2025-05-27 19:27:16,443,ME
2025-05-27 19:27:16,444,ASR
2025-05-27 19:27:16,445,TRU
2025-05-27 19:27:16,446,NTRN
2025-05-27 19:27:16,447,DYM
2025-05-27 19:27:16,448,CAT
2025-05-27 19:27:16,449,MNT
2025-05-27 19:27:16,450,ULTI
2025-05-27 19:27:16,451,CLANKER
2025-05-27 19:27:16,452,HOOK
2025-05-27 19:27:16,453,SPELL
2025-05-27 19:27:16,454,DUSK
2025-05-27 19:27:16,455,IOTX
2025-05-27 19:27:16,456,BAN
2025-05-27 19:27:16,457,AIC
2025-05-27 19:27:16,458,BID
2025-05-27 19:27:16,459,FLOW
2025-05-27 19:27:16,460,B2
2025-05-27 19:27:16,461,G7
2025-05-27 19:27:16,462,YFI
2025-05-27 19:27:16,463,ALPH
2025-05-27 19:27:16,464,DENT
2025-05-27 19:27:16,465,SLF
2025-05-27 19:27:16,466,CATS
2025-05-27 19:27:16,467,DODO
2025-05-27 19:27:16,468,ORAI
2025-05-27 19:27:16,469,GHIBLI
2025-05-27 19:27:16,470,EUR
2025-05-27 19:27:16,471,HNT
2025-05-27 19:27:16,472,SKL
2025-05-27 19:27:16,473,TORN
2025-05-27 19:27:16,474,ICE
2025-05-27 19:27:16,475,K
2025-05-27 19:27:16,476,XEM
2025-05-27 19:27:16,477,GLMR
2025-05-27 19:27:16,478,1000APU
2025-05-27 19:27:16,479,XPR
2025-05-27 19:27:16,480,SIREN
2025-05-27 19:27:16,481,10000WHY
2025-05-27 19:27:16,482,BFTOKEN
2025-05-27 19:27:16,483,POLS
2025-05-27 19:27:16,484,ALPINE
2025-05-27 19:27:16,485,STORJ
2025-05-27 19:27:16,486,AKT
2025-05-27 19:27:16,487,PAWS
2025-05-27 19:27:16,488,1000MUMU
2025-05-27 19:27:16,489,AMI
2025-05-27 19:27:16,490,MIGGLES
2025-05-27 19:27:16,491,USTC
2025-05-27 19:27:16,492,ANKR
2025-05-27 19:27:16,493,ELON
2025-05-27 19:27:16,494,MICHI
2025-05-27 19:27:16,495,ACE
2025-05-27 19:27:16,496,PRIME
2025-05-27 19:27:16,497,XTZ
2025-05-27 19:27:16,498,HFT
2025-05-27 19:27:16,499,MORPHO
2025-05-27 19:27:16,500,AVA
2025-05-27 19:27:16,501,SLP
2025-05-27 19:27:16,502,AUDIO
2025-05-27 19:27:16,503,TWT
2025-05-27 19:27:16,504,100000AIDOGE
2025-05-27 19:27:16,505,ALEO
2025-05-27 19:27:16,506,MLN
2025-05-27 19:27:16,507,ATA
2025-05-27 19:27:16,508,FIS
2025-05-27 19:27:16,509,SXP
2025-05-27 19:27:16,510,BANK
2025-05-27 19:27:16,511,LOOKS
2025-05-27 19:27:16,512,RDNT
2025-05-27 19:27:16,513,TEL
2025-05-27 19:27:16,514,WIZZ
2025-05-27 19:27:16,515,NMR
2025-05-27 19:27:16,516,OBT
2025-05-27 19:27:16,517,FLUX1
2025-05-27 19:27:16,518,ZERO
2025-05-27 19:27:16,519,VELODROME
2025-05-27 19:27:16,520,OMI
2025-05-27 19:27:16,521,RACA
2025-05-27 19:27:16,522,ARPA
2025-05-27 19:27:16,523,UXLINK
2025-05-27 19:27:16,524,CHEEMS
2025-05-27 19:27:16,525,CELR
2025-05-27 19:27:16,526,PERP
2025-05-27 19:27:16,527,AMP
2025-05-27 19:27:16,528,BAND
2025-05-27 19:27:16,529,ANON
2025-05-27 19:27:16,530,ALT
2025-05-27 19:27:16,531,JUV
2025-05-27 19:27:16,532,AXL
2025-05-27 19:27:16,533,FLOCK
2025-05-27 19:27:16,534,RPL
2025-05-27 19:27:16,535,ASTR
2025-05-27 19:27:16,536,RLC
2025-05-27 19:27:16,537,MBOX
2025-05-27 19:27:16,538,BAT
2025-05-27 19:27:16,539,CVC
2025-05-27 19:27:16,540,TNSR
2025-05-27 19:27:16,541,ALICE
2025-05-27 19:27:16,542,DAG
2025-05-27 19:27:16,543,WAXP
2025-05-27 19:27:16,544,BICO
2025-05-27 19:27:16,545,PSG
2025-05-27 19:27:16,546,WIN
2025-05-27 19:27:16,547,MAV
2025-05-27 19:27:16,548,SLERF
2025-05-27 19:27:16,549,SFP
2025-05-27 19:27:16,550,GST
2025-05-27 19:27:16,551,ZETA
2025-05-27 19:27:16,552,1000000PEIPEI
2025-05-27 19:27:16,553,BSV
2025-05-27 19:27:16,554,ELX
2025-05-27 19:27:16,555,RON
2025-05-27 19:27:16,556,ZENT
2025-05-27 19:27:16,557,HARRY
2025-05-27 19:27:16,558,QTUM
2025-05-27 19:27:16,559,DOGINME
2025-05-27 19:27:16,560,GTC
2025-05-27 19:27:16,561,OZK
2025-05-27 19:27:16,562,PRAI
2025-05-27 19:27:16,563,10000LADYS
2025-05-27 19:27:16,564,EPIC
2025-05-27 19:27:16,565,MTL
2025-05-27 19:27:16,566,TLM
2025-05-27 19:27:16,567,GODS
2025-05-27 19:27:16,568,SOLO
2025-05-27 19:27:16,569,USDC
2025-05-27 19:27:16,570,KNC
2025-05-27 19:27:16,571,APX
2025-05-27 19:27:16,572,FLR
2025-05-27 19:27:16,573,GASDAO
2025-05-27 19:27:16,574,MOCA
2025-05-27 19:27:16,575,POND
2025-05-27 19:27:16,576,BRISE
2025-05-27 19:27:16,577,STG
2025-05-27 19:27:16,578,XION
2025-05-27 19:27:16,579,CELO
2025-05-27 19:27:16,580,COOK
2025-05-27 19:27:16,581,BOBA
2025-05-27 19:27:16,582,ACA
2025-05-27 19:27:16,583,CLOUD
2025-05-27 19:27:16,584,SCR
2025-05-27 19:27:16,585,KAIA
2025-05-27 19:27:16,586,DRIFT
2025-05-27 19:27:16,587,ZRX
2025-05-27 19:27:16,588,A8
2025-05-27 19:27:16,589,BGSC
2025-05-27 19:27:16,590,POLYX
2025-05-27 19:27:16,591,SCA
2025-05-27 19:27:16,592,FAI
2025-05-27 19:27:16,593,XCH
2025-05-27 19:27:16,594,ALU
2025-05-27 19:27:16,595,SWEAT
2025-05-27 19:27:16,596,BAR
2025-05-27 19:27:16,597,BNT
2025-05-27 19:27:16,598,SPEC
2025-05-27 19:27:16,599,ACX
2025-05-27 19:27:16,600,B3
2025-05-27 19:27:16,601,RVN
2025-05-27 19:27:16,602,XRD
2025-05-27 19:27:16,603,STRAX
2025-05-27 19:27:16,604,AGI
2025-05-27 19:27:16,605,WILD
2025-05-27 19:27:16,606,SUN
2025-05-27 19:27:16,607,SCRT
2025-05-27 19:27:16,608,LOKA
2025-05-27 19:27:16,609,POWR
2025-05-27 19:27:16,610,MAGA
2025-05-27 19:27:16,611,SYS
2025-05-27 19:27:16,612,CULT
2025-05-27 19:27:16,613,BR
2025-05-27 19:27:16,614,VTHO
2025-05-27 19:27:16,615,MASA
2025-05-27 19:27:16,616,ALCX
2025-05-27 19:27:16,617,JST
2025-05-27 19:27:16,618,DIA
2025-05-27 19:27:16,619,PYR
2025-05-27 19:27:16,620,CARV
2025-05-27 19:27:16,621,POPE
2025-05-27 19:27:16,622,DATA
2025-05-27 19:27:16,623,QUICK
2025-05-27 19:27:16,624,CTK
2025-05-27 19:27:16,625,OGN
2025-05-27 19:27:16,626,BAL
2025-05-27 19:27:16,627,RIF
2025-05-27 19:27:16,628,LAT
2025-05-27 19:27:16,629,1000BTT
2025-05-27 19:27:16,630,OXT
2025-05-27 19:27:16,631,WAN
2025-05-27 19:27:16,632,FIO
2025-05-27 19:27:16,633,SHX
2025-05-27 19:27:16,634,GM1
2025-05-27 19:27:16,635,PUFFER
2025-05-27 19:27:16,636,HIVE
2025-05-27 19:27:16,637,OMG
2025-05-27 19:27:16,638,JPY
2025-05-27 19:27:16,639,ARK
2025-05-27 19:27:16,640,REI
2025-05-27 19:27:16,641,NAVX
2025-05-27 19:27:16,642,SWFTC
2025-05-27 19:27:16,643,F
2025-05-27 19:27:16,644,IOST
2025-05-27 19:27:16,645,10000COQ
2025-05-27 19:27:16,646,ZRC
2025-05-27 19:27:16,647,SANTOS
2025-05-27 19:27:16,648,FORTH
2025-05-27 19:27:16,649,GLM
2025-05-27 19:27:16,650,G
2025-05-27 19:27:16,651,XNO
2025-05-27 19:27:16,652,QI
2025-05-27 19:27:16,653,LSK
2025-05-27 19:27:16,654,ROAM
2025-05-27 19:27:16,655,PROM
2025-05-27 19:27:16,656,DCR
2025-05-27 19:27:16,657,XEC
2025-05-27 19:27:16,658,T
2025-05-27 19:27:16,659,NS
2025-05-27 19:27:16,660,DGB
2025-05-27 19:27:16,661,SD
2025-05-27 19:27:16,662,ZKJ
2025-05-27 19:27:16,663,NEXO
2025-05-27 19:27:16,664,NC
2025-05-27 19:27:16,665,REQ
2025-05-27 19:27:16,666,LMWR
2025-05-27 19:27:16,667,WMTX
2025-05-27 19:27:16,668,OSMO
2025-05-27 19:27:16,669,VR
2025-05-27 19:27:16,670,ICX
2025-05-27 19:27:16,671,ONG
2025-05-27 19:27:16,672,BLAST
2025-05-27 19:27:16,673,DUCK
2025-05-27 19:27:16,674,GOMINING
2025-05-27 19:27:16,675,D
2025-05-27 19:27:16,676,GBP
2025-05-27 19:27:16,677,IQ
2025-05-27 19:27:16,678,SC
2025-05-27 19:27:16,679,CTSI
2025-05-27 19:27:16,680,RSS3
2025-05-27 19:27:16,681,AUD
2025-05-27 19:27:16,682,GNO
2025-05-27 19:27:16,683,FTN
2025-05-27 19:27:16,684,DF
2025-05-27 19:27:16,685,MDT
2025-05-27 19:27:16,686,TAIKO
2025-05-27 19:27:16,687,AVAIL
2025-05-27 19:27:16,688,LAVA
2025-05-27 19:27:16,689,ORDER
2025-05-27 19:27:16,690,BADGER
2025-05-27 19:27:16,691,LAZIO
2025-05-27 19:27:16,692,CTC
2025-05-27 19:27:16,693,IDEX
2025-05-27 19:27:16,694,FARM
2025-05-27 19:27:16,695,CBK
2025-05-27 19:27:16,696,PORTO
2025-05-27 19:27:16,697,TFUEL
2025-05-27 19:27:16,698,PIVX
2025-05-27 19:27:16,699,GPS
2025-05-27 19:27:16,700,J
2025-05-27 19:27:16,701,SPA
2025-05-27 19:27:16,702,STEEM
2025-05-27 19:27:16,703,TRY
2025-05-27 19:27:16,704,BRL
2025-05-27 19:27:16,705,MVL
2025-05-27 19:27:16,706,CHF
2025-05-27 19:27:16,707,KMD
2025-05-27 19:27:16,708,MBL
2025-05-27 19:27:16,709,CITY
2025-05-27 19:27:16,710,CAD
2025-05-27 19:27:16,711,ORBS
2025-05-27 19:27:16,712,SERAPH
2025-05-27 19:27:16,713,DBR
2025-05-27 19:27:16,714,SOPH
